{"cameraMode":{"drawMode":0,"name":"Shaded","section":"Shading Mode"},"sceneLighting":true,"audioPlay":false,"sceneViewState":{"m_AlwaysRefresh":false,"showFog":true,"showSkybox":true,"showFlares":true,"showImageEffects":true,"showParticleSystems":true,"showVisualEffectGraphs":true,"m_FxEnabled":true},"in2DMode":false,"pivot":{"x":1.2813165187835694,"y":-0.5929107666015625,"z":-0.2581162452697754},"rotation":{"x":-0.49885842204093935,"y":-0.008582612499594689,"z":0.004940285813063383,"w":-0.8666262030601502},"size":4.933012962341309,"orthographic":false}